{"Russia": {"Original": [61.274295125375204, 16734628.59107693, 6.551102818166161, 12.419847605109286, 63.12710784393673, 10901.720844086169, 4.048552029712582, 20.68932946882203, 58.27831634739907, 456846.12593724346, 6.619450652388032, 8.775109400051615], "Italy": [62.57296906194479, 12268556.955209475, 74.8786416481985, 3574.208126527372, 59.40149674252153, 315537.2283143287], "Iran": [69.55219484608438, 7226379.505571503, 78.67804737339421, 4146.875692476082, 59.79090251959239, 457205.9315314464], "Turkey": [67.80378246871642, 4863100.272579445, 59.813240400147635, 3138.7168309641293, 70.80106202971521, 283649.214699715], "Germany": [69.70312126213696, 5374946.3844735585, 71.01055247297909, 2837.061985980564, 68.30030624299764, 264798.17216814455]}, "Italy": {"Original": [28.27532031134267, 7341813.080415005, 6.305374958189395, 11.585509929116075, 40.95917135763494, 32347.817602248506, 3.4402270515793028, 11.44716151888605, 25.656089809911094, 226378.26958896546, 6.952773663583935, 7.046812687767108]}, "Tatarstan": {"Original": [76.84777075635667, 110116.54596275893, 4.325273749913997, 14.465454189245744, -55.49999996135645, 4.404629702994282e-19, 5460.332617360547, -0.09765610528699552, 68.2570047143959, 4666.400788195373, 5.3575840772968295, 9.71725177153439]}, "Iran": {"Original": [30.863355664055902, 1142751.2637635046, 6.791275879921841, 7.636445034033606, 41.91708003203826, 7574.226233145342, 2.3713309074587183, 17.507292153875014, 20.921471984641983, 110494.79290463979, 7.044436765999684, 8.159930821228308]}, "Turkey": {"Original": [50.54156348162803, 2615118.5038174624, 9.743792130757328, 4.700763770300393, 43.77104019079845, 4248.851059093538, 10.031114314522876, 4.732580775580782, 54.0603653169299, 148503.7272032117, 5.194541104473977, 6.839354022904525]}, "Germany": {"Original": [37.087769617837665, 2478551.9187351083, 8.032922467837171, 5.769186536468075, 52.16249071574846, 8131.901650169308, 5.158841435767142, 7.037979718219589, 38.8792102995627, 167713.5280112829, 6.751965814918771, 5.306339350368425]}}